# class	DatSkillNameTable
# path	/Game/Xrd777/Blueprints/Common/Names/DatSkillNameDataAsset.DatSkillNameDataAsset
# count	1025
# value 列已去掉首尾空白, 填表时直接写看到的名字即可
# indent	 
index	value
0	攻击
1	带特写亚基
2	未使用
3	未使用
4	未使用
5	未使用
6	未使用
7	未使用
8	未使用
9	未使用
10	亚基
11	亚基拉欧
12	亚基达因
13	玛哈拉基
14	玛哈拉基翁
15	玛哈拉基达因
16	炼狱
17	未使用
18	魔罗拉基达因
19	未使用
20	布芙
21	布芙拉
22	布芙达因
23	玛哈布芙
24	玛哈布芙拉
25	玛哈布芙达因
26	钻石星尘
27	未使用
28	未使用
29	未使用
30	加尔
31	加尔拉
32	加尔达因
33	玛哈加尔
34	玛哈加尔拉
35	玛哈加尔达因
36	万物流转
37	未使用
38	未使用
39	未使用
40	吉欧
41	吉欧加
42	吉欧达因
43	玛哈吉欧
44	玛哈吉欧加
45	玛哈吉欧达因
46	真理之雷
47	未使用
48	未使用
49	未使用
50	哈玛
51	哈玛翁
52	玛翰玛
53	玛翰玛翁
54	回转讲道
55	未使用
56	克哈
57	克加
58	克加翁
59	玛哈克哈
60	玛哈克加
61	玛哈克加翁
62	神之审判
63	未使用
64	姆多
65	姆多翁
66	玛哈姆多
67	玛哈姆多翁
68	可以为我而死吗？
69	未使用
70	耶哈
71	耶加
72	耶加翁
73	玛哈耶哈
74	玛哈耶加
75	玛哈耶加翁
76	恶魔审判
77	未使用
78	米吉多
79	米吉多拉
80	米吉多拉翁
81	漆黑之蛇
82	拂晓明星
83	未使用
84	未使用
85	施毒术
86	毒雾
87	马琳卡琳
88	性感之舞
89	欺敌奇招
90	闪光噪声
91	普林帕
92	颠塔拉弗
93	恶魔之触
94	恶魔微笑
95	恶毒咒骂
96	终焉预言
97	未使用
98	未使用
99	未使用
100	亡者喟叹
101	污秽吐息
102	污秽空气
103	吸血
104	吸魔
105	病毒之息
106	未使用
107	未使用
108	未使用
109	未使用
110	威力斩击
111	死亡终结
112	五月雨斩
113	真空斩
114	利剑乱舞
115	死亡界限
116	勇气之击
117	空间杀法
118	天军之剑
119	月影
120	残影
121	神经碎断
122	未使用
123	未使用
124	未使用
125	突击
126	俯冲突击
127	巨人铁拳
128	电光石火
129	金刚发破
130	灼热波浪
131	神之手
132	虚无艺术
133	音速拳
134	未使用
135	未使用
136	未使用
137	未使用
138	未使用
139	单次射击
140	天使之箭
141	百万射击
142	疯狂突击
143	箭浴
144	刹那五月雨击
145	爆破攻击
146	纯真突刺
147	大劫
148	毒箭
149	未使用
150	未使用
151	未使用
152	未使用
153	未使用
154	未使用
155	迪亚
156	迪亚拉玛
157	迪亚拉翰
158	未使用
159	未使用
160	梅迪亚
161	梅迪拉玛
162	梅迪亚拉翰
163	救世主之愈
164	未使用
165	利卡姆
166	萨玛利卡姆
167	利卡姆多拉
168	未使用
169	未使用
170	帕特拉
171	梅帕特拉
172	拜斯堤
173	玛哈拜斯堤
174	未使用
175	未使用
176	甘露之雨
177	甘露水滴
178	未使用
179	未使用
180	塔尔卡加
181	拉库卡加
182	斯库卡加
183	未使用
184	未使用
185	玛哈塔尔卡加
186	玛哈拉库卡加
187	玛哈斯库卡加
188	灼热奋起
189	未使用
190	塔伦达
191	拉坤达
192	斯坤达
193	未使用
194	未使用
195	玛哈塔伦达
196	玛哈拉坤达
197	玛哈斯坤达
198	女巫诅咒
199	未使用
200	迪卡加
201	迪坤达
202	未使用
203	未使用
204	未使用
205	蓄力
206	专心致志
207	鲜血蓄力
208	未使用
209	未使用
210	反叛
211	革命
212	未使用
213	未使用
214	未使用
215	提特拉康
216	玛卡拉康
217	未使用
218	未使用
219	未使用
220	消除火焰防御
221	消除冰冻防御
222	消除疾风防御
223	消除电击防御
224	未使用
225	未使用
226	未使用
227	未使用
228	未使用
229	未使用
230	大罪穿甲弹
231	崇高圣战
232	真空波
233	大燃烧
234	大冰河时期
235	宇宙火焰
236	一枪毙命
237	反抗之刃
238	化装舞会
239	十文字斩
240	祸津曼荼罗
241	辉箭
242	未使用
243	未使用
244	未使用
245	高阶分析
246	逃离路线
247	干扰
248	塔尔塔罗斯侦测
249	希尔芙灵气
250	冲击噪声
251	未使用
252	未使用
253	未使用
254	未使用
255	未使用
256	未使用
257	未使用
258	未使用
259	未使用
260	华彩乐段
261	杰克兄弟
262	大王和俺们
263	最佳好友
264	红莲华斩杀
265	诡骗师
266	哈米吉多顿
267	未使用
268	未使用
269	未使用
270	神谕
271	神谕
272	神谕
273	高阶神谕
274	高阶神谕
275	高阶神谕
276	高阶神谕
277	高阶神谕
278	未使用
279	未使用
280	龙卷箭
281	爆发重击
282	雷电圆球
283	暴雪利刃
284	神谕
285	启动狂宴模式
286	天诛
287	黑色猎犬
288	血腥打击
289	未使用
290	未使用
291	未使用
292	明镜止水
293	生命之炎
294	电击重拳
295	断罪之刃
296	高阶神谕
297	全弹发射
298	天启
299	加速战吼
300	未使用
301	未使用
302	未使用
303	未使用
304	神通法测试用
305	未使用
306	未使用
307	未使用
308	未使用
309	未使用
310	总攻击
311	斩击攻击
312	打击攻击
313	贯穿攻击
314	火焰攻击
315	冰冻攻击
316	电击攻击
317	疾风攻击
318	光攻击
319	暗攻击
320	万能攻击
321	召唤
322	寒冰风暴
323	失控的邀请
324	终焉教诲
325	范式转移
326	碎心一击
327	诱惑吐息
328	天使之箭
329	合体
330	分离
331	修复
332	穿甲弹
333	榴弹
334	手榴弹
335	雷光弹
336	闪光弹
337	火焰弹
338	雷击弹
339	闪光弹·改
340	弱点侦测
341	瞬间增强猛药
342	永眠乐园
343	贯穿攻击
344	斩击攻击
345	米吉多拉翁
346	毒雾
347	充电结束
348	高速充电
349	超高压电流
350	百万冲击
351	十亿冲击
352	兆倍冲击
353	米吉多拉翁
354	神经碎断
355	米吉多拉
356	充电开始
357	阿尔卡那转换
358	阿尔卡那转换
359	阿尔卡那转换
360	阿尔卡那转换
361	阿尔卡那转换
362	阿尔卡那转换
363	阿尔卡那转换
364	阿尔卡那转换
365	阿尔卡那转换
366	阿尔卡那转换
367	阿尔卡那转换
368	阿尔卡那转换
369	阿尔卡那转换
370	横扫
371	斩杀
372	夜之女王
373	默示录
374	寒冰风暴
375	终焉教诲
376	碎心一击
377	兆倍冲击
378	超高压电流
379	倒悬之超越
380	梅比乌斯轮舞曲
381	命运之轮
382	命运之轮
383	命运之轮
384	命运之轮
385	命运之轮
386	召唤
387	未使用
388	未使用
389	未使用
390	ＤＥＡＴＨ
391	伟大封印
392	未使用
393	未使用
394	未使用
395	未使用
396	未使用
397	未使用
398	未使用
399	玛翰玛
400	吸血
401	刹那五月雨击
402	吸魔
403	恶魔微笑
404	终焉预言
405	生命之泉
406	性感之舞
407	吸血
408	斩击攻击
409	打击攻击
410	贯穿攻击
411	吉欧达因
412	绝·吸魔
413	玛翰玛翁
414	玛哈姆多翁
415	吸血
416	吸魔
417	哈玛翁
418	姆多翁
419	迪亚拉玛
420	俯冲突击
421	米吉多拉翁
422	颠塔拉弗
423	神经碎断
424	未使用
425	未使用
426	未使用
427	未使用
428	未使用
429	未使用
430	未使用
431	未使用
432	未使用
433	未使用
434	未使用
435	未使用
436	未使用
437	未使用
438	未使用
439	未使用
440	未使用
441	未使用
442	未使用
443	未使用
444	未使用
445	未使用
446	未使用
447	未使用
448	未使用
449	未使用
450	未使用
451	未使用
452	未使用
453	未使用
454	未使用
455	未使用
456	未使用
457	未使用
458	未使用
459	未使用
460	未使用
461	未使用
462	未使用
463	未使用
464	未使用
465	未使用
466	未使用
467	未使用
468	未使用
469	未使用
470	未使用
471	未使用
472	未使用
473	未使用
474	未使用
475	未使用
476	未使用
477	未使用
478	未使用
479	未使用
480	未使用
481	未使用
482	未使用
483	未使用
484	未使用
485	未使用
486	未使用
487	未使用
488	未使用
489	未使用
490	未使用
491	未使用
492	未使用
493	未使用
494	未使用
495	未使用
496	未使用
497	未使用
498	未使用
499	未使用
500	未使用
501	撒钱
502	撒道具
503	低概率附加冻结
504	中概率附加冻结
505	高概率附加冻结
506	低概率附加触电
507	中概率附加触电
508	高概率附加触电
509	低概率附加混乱
510	中概率附加混乱
511	高概率附加混乱
512	低概率附加恐惧
513	中概率附加恐惧
514	高概率附加恐惧
515	低概率附加动摇
516	中概率附加动摇
517	高概率附加动摇
518	低概率附加魅惑
519	中概率附加魅惑
520	高概率附加魅惑
521	低概率附加暴怒
522	中概率附加暴怒
523	高概率附加暴怒
524	低概率附加中毒
525	中概率附加中毒
526	高概率附加中毒
527	低概率附加所有异常状态效果
528	中概率附加所有异常状态效果
529	高概率附加所有异常状态效果
530	未使用
531	未使用
532	未使用
533	未使用
534	未使用
535	未使用
536	未使用
537	未使用
538	未使用
539	未使用
540	未使用
541	未使用
542	未使用
543	未使用
544	未使用
545	未使用
546	未使用
547	未使用
548	未使用
549	未使用
550	未使用
551	未使用
552	未使用
553	未使用
554	未使用
555	未使用
556	未使用
557	未使用
558	未使用
559	未使用
560	未使用
561	未使用
562	未使用
563	未使用
564	未使用
565	未使用
566	未使用
567	未使用
568	未使用
569	未使用
570	未使用
571	未使用
572	未使用
573	未使用
574	未使用
575	未使用
576	未使用
577	未使用
578	未使用
579	未使用
580	未使用
581	未使用
582	未使用
583	未使用
584	未使用
585	未使用
586	未使用
587	未使用
588	未使用
589	未使用
590	未使用
591	未使用
592	未使用
593	未使用
594	未使用
595	未使用
596	未使用
597	未使用
598	未使用
599	未使用
600	伤药
601	宝玉
602	宝玉环
603	御卵
604	猛药
605	医疗药粉
606	肌肉饮料
607	神秘食品
608	香气卤汁
609	蛤贝水
610	面包
611	猪排三明治
612	灵魂鼻烟壶
613	灵魂口香糖
614	苏摩
615	ＳＰ饮料
616	解毒剂
617	解怒剂
618	解魅剂
619	梅帕特拉宝石
620	特拉埃斯特宝石
621	特拉芙里宝石
622	亚基拉欧宝石
623	玛哈拉基宝石
624	布芙拉宝石
625	玛哈布芙宝石
626	吉欧加宝石
627	玛哈吉欧宝石
628	加尔拉宝石
629	玛哈加尔宝石
630	米吉多宝石
631	米吉多拉翁宝石
632	施饿鬼米
633	咒杀纸
634	猛火勾玉
635	极寒勾玉
636	万雷勾玉
637	暴风勾玉
638	人造人
639	黄金羽翼
640	魔石
641	强力葛根
642	超值伤药组合
643	急救组合Ｍ
644	灵魂糖果
645	克加宝石
646	玛哈克哈宝石
647	耶加宝石
648	玛哈耶哈宝石
649	圣典勾玉
650	怨念勾玉
651	解躁剂
652	解惊剂
653	解惧剂
654	甘露宝石
655	化冰干粉
656	除麻纸
657	提神香
658	神秘的章鱼烧
659	ＨＰ饮料
660	单体迪坤达
661	单体恢复１５０点ＨＰ
662	全体恢复１５０点ＨＰ
663	单体恢复２００点ＨＰ
664	全体恢复２００点ＨＰ
665	全体恢复１０点ＳＰ
666	灵魂菠菜
667	大叶灵魂菠菜
668	黄金番茄
669	特大黄金番茄
670	小金番茄
671	黄金小番茄
672	超大份黄金番茄
673	未使用
674	未使用
675	未使用
676	未使用
677	未使用
678	未使用
679	未使用
680	未使用
681	未使用
682	未使用
683	未使用
684	未使用
685	未使用
686	未使用
687	未使用
688	未使用
689	未使用
690	未使用
691	未使用
692	未使用
693	未使用
694	未使用
695	未使用
696	未使用
697	未使用
698	未使用
699	未使用
700	斩击耐性
701	斩击无效
702	斩击反弹
703	斩击吸收
704	打击耐性
705	打击无效
706	打击反弹
707	打击吸收
708	贯穿耐性
709	贯穿无效
710	贯穿反弹
711	贯穿吸收
712	火焰耐性
713	火焰无效
714	火焰反弹
715	火焰吸收
716	冰冻耐性
717	冰冻无效
718	冰冻反弹
719	冰冻吸收
720	疾风耐性
721	疾风无效
722	疾风反弹
723	疾风吸收
724	电击耐性
725	电击无效
726	电击反弹
727	电击吸收
728	光耐性
729	光无效
730	光反弹
731	光吸收
732	暗耐性
733	暗无效
734	暗反弹
735	暗吸收
736	未使用
737	未使用
738	昏厥耐性
739	昏厥无效
740	毒耐性
741	毒无效
742	魅惑耐性
743	魅惑无效
744	动摇耐性
745	动摇无效
746	混乱耐性
747	混乱无效
748	恐惧耐性
749	恐惧无效
750	暴怒耐性
751	暴怒无效
752	冻结耐性
753	冻结无效
754	触电耐性
755	触电无效
756	不动心
757	异常状态耐性
758	未使用
759	斩击识破
760	真·斩击识破
761	打击识破
762	真·打击识破
763	贯穿识破
764	真·贯穿识破
765	火焰识破
766	真·火焰识破
767	冰冻识破
768	真·冰冻识破
769	疾风识破
770	真·疾风识破
771	电击识破
772	真·电击识破
773	光识破
774	真·光识破
775	暗识破
776	真·暗识破
777	未使用
778	未使用
779	反击
780	重反击
781	超反击
782	未使用
783	未使用
784	小治愈促进
785	中治愈促进
786	大治愈促进
787	未使用
788	小气功
789	中气功
790	大气功
791	未使用
792	斩击强化
793	高级斩击强化
794	打击强化
795	高级打击强化
796	贯穿强化
797	高级贯穿强化
798	火焰强化
799	高级火焰强化
800	冰冻强化
801	高级冰冻强化
802	疾风强化
803	高级疾风强化
804	电击强化
805	高级电击强化
806	光强化
807	高级光强化
808	暗强化
809	高级暗强化
810	未使用
811	昏厥率ＵＰ
812	中毒率ＵＰ
813	魅惑率ＵＰ
814	动摇率ＵＰ
815	混乱率ＵＰ
816	恐惧率ＵＰ
817	暴怒率ＵＰ
818	冻结率ＵＰ
819	触电率ＵＰ
820	异常状态成功率ＵＰ
821	哈玛成功率ＵＰ
822	姆多成功率ＵＰ
823	未使用
824	未使用
825	自动塔尔卡加
826	自动拉库卡加
827	自动斯库卡加
828	自动玛哈塔尔卡
829	自动玛哈拉库卡
830	自动玛哈斯库卡
831	自动反叛
832	未使用
833	指导
834	建言
835	坚忍
836	不屈斗志
837	未使用
838	胜利气息
839	胜利咆哮
840	未使用
841	诸神庇佑
842	大天使的庇佑
843	大虎
844	明王的庇佑
845	初级成长
846	中级成长
847	高级成长
848	蚁之舞
849	不动如山
850	光明生还
851	光明大生还
852	黑暗生还
853	黑暗大生还
854	生还把戏
855	未使用
856	武道的资质
857	魔术的资质
858	未使用
859	未使用
860	未使用
861	未使用
862	未使用
863	万能强化
864	高级万能强化
865	魔导才能
866	魔导精髓
867	未使用
868	未使用
869	急速恢复
870	瞬间恢复
871	物理耐性
872	物理无效
873	未使用
874	未使用
875	终极斩击强化
876	终极打击强化
877	终极贯穿强化
878	终极火焰强化
879	终极冰冻强化
880	终极电击强化
881	终极疾风强化
882	终极光强化
883	终极暗强化
884	暴击ＵＰ
885	暴击大ＵＰ
886	防炎诀窍
887	防冰诀窍
888	防雷诀窍
889	防风诀窍
890	灵魂交接
891	灵魂连锁
892	真·灵魂连锁
893	交接强化
894	高级交接强化
895	吸引才能
896	单体攻击强化
897	全体攻击强化
898	未使用
899	未使用
900	未使用
901	弱点强化
902	高级弱点强化
903	治愈的资质
904	治愈的极致
905	会心强化
906	高级会心强化
907	卡加强化
908	高级卡加强化
909	异常发破强化
910	高级异常发破强化
911	弱点防护
912	高级弱点防护
913	物理强化
914	高级物理强化
915	精神恢复
916	精神大恢复
917	自动斯坤达
918	自动玛哈斯坤达
919	自动强化
920	自动灼热奋起
921	未使用
922	未使用
923	未使用
924	未使用
925	未使用
926	未使用
927	未使用
928	未使用
929	未使用
930	未使用
931	未使用
932	未使用
933	未使用
934	未使用
935	未使用
936	未使用
937	未使用
938	未使用
939	未使用
940	未使用
941	未使用
942	未使用
943	未使用
944	未使用
945	未使用
946	未使用
947	未使用
948	未使用
949	未使用
950	未使用
951	未使用
952	未使用
953	未使用
954	未使用
955	未使用
956	未使用
957	未使用
958	未使用
959	未使用
960	未使用
961	未使用
962	未使用
963	未使用
964	未使用
965	未使用
966	未使用
967	未使用
968	未使用
969	未使用
970	未使用
971	未使用
972	未使用
973	未使用
974	未使用
975	未使用
976	未使用
977	未使用
978	未使用
979	未使用
980	未使用
981	未使用
982	未使用
983	未使用
984	未使用
985	未使用
986	未使用
987	未使用
988	未使用
989	未使用
990	未使用
991	未使用
992	未使用
993	未使用
994	未使用
995	未使用
996	未使用
997	未使用
998	未使用
999	未使用
1000	未使用
1001	未使用
1002	未使用
1003	未使用
1004	未使用
1005	未使用
1006	未使用
1007	未使用
1008	未使用
1009	未使用
1010	未使用
1011	未使用
1012	未使用
1013	未使用
1014	未使用
1015	未使用
1016	未使用
1017	未使用
1018	未使用
1019	未使用
1020	未使用
1021	未使用
1022	未使用
1023	未使用
1024	未使用
